"","actor","mean_mr","mean_si","mean_ec","mean_mr2","mean_si2","mean_ec2","n_statements","morastate","sponsorstate","morasponsor","council_member","is_regional_group","regional_group","isa_member","observer_state","igo","ngo","actor_type_eh2"
"1","advisory committee on the protection of the sea",0.19,0.79,0.91,0.19,0.79,0.91,2,0,0,"neither",0,0,"none",0,0,0,1,"observer ngo"
"2","african group",0.625,0.575,0.525,0.625,0.575,0.525,2,0,0,"neither",0,1,"african group",0,0,0,0,"regional group"
"3","antigua and barbuda",0.866666666666667,0.45,0.55,0.866666666666667,0.45,0.55,3,0,0,"neither",0,0,"latin american caribbean group",1,0,0,0,"member state"
"4","argentina",0.86,0.5125,0.516666666666667,0.86,0.5125,0.516666666666667,7,0,0,"neither",1,0,"latin american caribbean group",1,0,0,0,"member state"
"5","australia",0.316666666666667,0.065,0.606666666666667,0.316666666666667,0.065,0.606666666666667,4,0,0,"neither",1,0,"western europe and other states group",1,0,0,0,"member state"
"6","austria",0.465,0.4,0.85,0.465,0.4,0.85,2,1,0,"moratorium/pp",0,0,"western europe and other states group",1,0,0,0,"member state"
"7","bahamas",0.7575,0.33,0.6,0.7575,0.33,0.6,4,0,0,"neither",0,0,"latin american caribbean group",1,0,0,0,"member state"
"8","bangladesh",0.675,0.55,0.825,0.675,0.55,0.825,2,0,0,"neither",1,0,"asia pacific group",1,0,0,0,"member state"
"9","barbados",0.7,0.4,0.525,0.7,0.4,0.525,2,0,0,"neither",0,0,"latin american caribbean group",1,0,0,0,"member state"
"10","belgium",0.836,0.335,0.425,0.836,0.335,0.425,6,0,1,"sponsor",1,0,"western europe and other states group",1,0,0,0,"member state"
"11","brazil",0.724,0.37,0.72,0.724,0.37,0.72,5,1,1,"both",1,0,"latin american caribbean group",1,0,0,0,"member state"
"12","cameroon",0.905,0.17,0.474,0.765,0.3725,0.4995,5,0,0,"neither",1,0,"african group",1,0,0,0,"member state"
"13","canada",0.61,0.675,0.87,0.61,0.675,0.87,6,1,0,"moratorium/pp",1,0,"western europe and other states group",1,0,0,0,"member state"
"14","centre for community and oceanic law",0.4,0.45,0,0.4,0.45,0,1,0,0,"neither",0,0,"none",0,0,0,1,"observer ngo"
"15","chair legal and technical commission",0.815,0.585,0.59,0.815,0.585,0.59,2,0,0,"neither",0,0,"none",0,0,0,0,"isa"
"16","chile",0.548181818181818,0.494444444444444,0.762,0.548181818181818,0.494444444444444,0.762,12,1,0,"moratorium/pp",1,0,"latin american caribbean group",1,0,0,0,"member state"
"17","china",0.750833333333333,0.332,0.470909090909091,0.750833333333333,0.332,0.470909090909091,13,0,1,"sponsor",1,0,"asia pacific group",1,0,0,0,"member state"
"18","costa rica",0.38,0.473,0.773636363636364,0.38,0.473,0.773636363636364,11,1,0,"moratorium/pp",1,0,"latin american caribbean group",1,0,0,0,"member state"
"19","council president",0.875,0.12,0.54,0.875,0.12,0.54,2,0,0,"neither",0,0,"none",0,0,0,0,"isa"
"20","croatia",0.2,0.65,0.95,0.2,0.65,0.95,1,1,0,"moratorium/pp",0,0,"eastern europe group",1,0,0,0,"member state"
"21","cuba",0.65,0.225,0.875,0.65,0.225,0.875,2,0,1,"sponsor",0,0,"latin american caribbean group",1,0,0,0,"member state"
"22","dosi",0.1,0.875,0.81,0.1,0.875,0.81,6,0,0,"neither",0,0,"none",0,0,0,1,"observer ngo"
"23","dscc",0.06,0.6975,0.955,0.06,0.6975,0.955,4,0,0,"neither",0,0,"none",0,0,0,1,"observer ngo"
"24","ecuador",0.2,0.6,0.95,0.2,0.6,0.95,1,1,0,"moratorium/pp",0,0,"latin american caribbean group",1,0,0,0,"member state"
"25","federated states of micronesia",0.3,0.45,0.8,0.3,0.45,0.8,2,1,0,"moratorium/pp",0,0,"asia pacific group",1,0,0,0,"member state"
"26","fiji",0.466666666666667,0.51,0.593333333333333,0.466666666666667,0.51,0.593333333333333,3,1,0,"moratorium/pp",0,0,"asia pacific group",1,0,0,0,"member state"
"27","france",0.528333333333333,0.415,0.591666666666667,0.528333333333333,0.415,0.591666666666667,14,1,1,"both",1,0,"western europe and other states group",1,0,0,0,"member state"
"28","germany",0.45,0.476,0.755,0.45,0.476,0.755,8,1,1,"both",0,0,"western europe and other states group",1,0,0,0,"member state"
"29","ghana",0.9,0,0.1,0.7625,0.2875,0.3125,2,0,0,"neither",1,0,"african group",1,0,0,0,"member state"
"30","greece",0.1975,0.475,0.93,0.1975,0.475,0.93,5,1,0,"moratorium/pp",0,0,"western europe and other states group",1,0,0,0,"member state"
"31","greenpeace",0.5,0.41,0.94,0.5,0.41,0.94,4,0,0,"neither",0,0,"none",0,0,0,1,"observer ngo"
"32","india",0.841111111111111,0.35875,0.602857142857143,0.841111111111111,0.35875,0.602857142857143,9,0,1,"sponsor",1,0,"asia pacific group",1,0,0,0,"member state"
"33","interim director general of the enterprise",0.726,0.428,0.35,0.726,0.428,0.35,5,0,0,"neither",0,0,"none",0,0,0,0,"enterprise"
"34","international telecommunication union",0,0.25,0.2,0,0.25,0.2,1,0,0,"neither",0,0,"none",0,0,1,0,"observer igo"
"35","ireland",0.718571428571429,0.425714285714286,0.535714285714286,0.718571428571429,0.425714285714286,0.535714285714286,7,1,0,"moratorium/pp",1,0,"western europe and other states group",1,0,0,0,"member state"
"36","italy",0.535714285714286,0.393333333333333,0.728571428571429,0.535714285714286,0.393333333333333,0.728571428571429,8,0,0,"neither",1,0,"western europe and other states group",1,0,0,0,"member state"
"37","iucn",0.12,0.55,0.97,0.12,0.55,0.97,1,0,0,"neither",0,0,"none",0,0,0,1,"observer ngo"
"38","ivory coast",0.2,0.1,0.8,0.4125,0.3375,0.6625,1,0,0,"neither",0,0,"african group",1,0,0,0,"member state"
"39","jamaica",0.722857142857143,0.241666666666667,0.53,0.722857142857143,0.241666666666667,0.53,8,0,1,"sponsor",1,0,"latin american caribbean group",1,0,0,0,"member state"
"40","japan",0.876,0.3775,0.4575,0.876,0.3775,0.4575,5,0,1,"sponsor",1,0,"asia pacific group",1,0,0,0,"member state"
"41","kenya",0.743333333333333,0.7,0.706666666666667,0.684166666666667,0.6375,0.615833333333333,3,0,0,"neither",0,0,"african group",1,0,0,0,"member state"
"42","madagascar",0.3,0.65,0.95,0.4625,0.6125,0.7375,1,0,0,"neither",0,0,"african group",1,0,0,0,"member state"
"43","malta",0.616666666666667,0.683333333333333,0.783333333333333,0.616666666666667,0.683333333333333,0.783333333333333,3,1,0,"moratorium/pp",0,0,"western europe and other states group",1,0,0,0,"member state"
"44","marshall islands",0.42,0.7,0.92,0.42,0.7,0.92,1,1,0,"moratorium/pp",0,0,"asia pacific group",1,0,0,0,"member state"
"45","mexico",0.783333333333333,0.336666666666667,0.445,0.783333333333333,0.336666666666667,0.445,6,1,0,"moratorium/pp",1,0,"latin american caribbean group",1,0,0,0,"member state"
"46","monaco",0.0875,0.566,0.894,0.0875,0.566,0.894,5,1,0,"moratorium/pp",0,0,"western europe and other states group",1,0,0,0,"member state"
"47","morocco",0.4,0.9,0.7,0.5125,0.7375,0.6125,1,0,0,"neither",1,0,"african group",1,0,0,0,"member state"
"48","mozambique",0.05,0.3,0.85,0.3375,0.4375,0.6875,1,0,0,"neither",0,0,"african group",1,0,0,0,"member state"
"49","nauru",0.8,0.94,0.37,0.8,0.94,0.37,2,0,1,"sponsor",1,0,"asia pacific group",1,0,0,0,"member state"
"50","netherlands",0.57125,0.506,0.475,0.57125,0.506,0.475,8,0,0,"neither",1,0,"western europe and other states group",1,0,0,0,"member state"
"51","new zealand",0.7,0.45,0.625,0.7,0.45,0.625,2,1,0,"moratorium/pp",0,0,"western europe and other states group",1,0,0,0,"member state"
"52","nigeria",0.893333333333333,0.6,0.66,0.759166666666667,0.5875,0.5925,3,0,0,"neither",1,0,"african group",1,0,0,0,"member state"
"53","norway",0.445,0.45,0.7325,0.445,0.45,0.7325,4,0,0,"neither",0,0,"western europe and other states group",1,0,0,0,"member state"
"54","oceans north",0.1,0.25,0.85,0.1,0.25,0.85,1,0,0,"neither",0,0,"none",0,0,0,1,"observer ngo"
"55","opes oceani foundation",0.885,0.18,0.295,0.885,0.18,0.295,2,0,0,"neither",0,0,"none",0,0,0,1,"observer ngo"
"56","pakistan",0.575,0.275,0.84,0.575,0.275,0.84,2,0,0,"neither",0,0,"asia pacific group",1,0,0,0,"member state"
"57","palau",0.0933333333333333,0.76,0.9075,0.0933333333333333,0.76,0.9075,4,1,0,"moratorium/pp",0,0,"asia pacific group",1,0,0,0,"member state"
"58","panama",0.19,0.546,0.772,0.19,0.546,0.772,5,1,0,"moratorium/pp",0,0,"latin american caribbean group",1,0,0,0,"member state"
"59","pew",0.575,0.625,0.815,0.575,0.625,0.815,2,0,0,"neither",0,0,"none",0,0,0,1,"observer ngo"
"60","philippines",0.5575,0.365,0.7875,0.5575,0.365,0.7875,4,0,0,"neither",0,0,"asia pacific group",1,0,0,0,"member state"
"61","poland",0.826666666666667,0.216666666666667,0.49,0.826666666666667,0.216666666666667,0.49,3,0,1,"sponsor",1,0,"eastern europe group",1,0,0,0,"member state"
"62","portugal",0.624,0.25,0.786,0.624,0.25,0.786,5,1,0,"moratorium/pp",1,0,"western europe and other states group",1,0,0,0,"member state"
"63","qatar",0.78,0.5,0.86,0.78,0.5,0.86,1,0,0,"neither",0,0,"asia pacific group",1,0,0,0,"member state"
"64","republic of korea",0.235,0.85,0.85,0.235,0.85,0.85,2,0,1,"sponsor",1,0,"asia pacific group",1,0,0,0,"member state"
"65","russia",0.753636363636364,0.267142857142857,0.715,0.753636363636364,0.267142857142857,0.715,12,0,1,"sponsor",1,0,"eastern europe group",1,0,0,0,"member state"
"66","samoa",0.45,0.65,0.9,0.45,0.65,0.9,1,1,0,"moratorium/pp",0,0,"asia pacific group",1,0,0,0,"member state"
"67","saudi arabia",0.815,0.12,0.36,0.815,0.12,0.36,2,0,0,"neither",0,0,"asia pacific group",1,0,0,0,"member state"
"68","secretary general",0.736666666666667,0.55,0.598571428571429,0.736666666666667,0.55,0.598571428571429,9,0,0,"neither",0,0,"none",0,0,0,0,"isa"
"69","senegal",0.74,0.66,0.79,0.6825,0.6175,0.6575,2,0,0,"neither",0,0,"african group",1,0,0,0,"member state"
"70","sierra leone",0.73,0.605,0.49,0.6775,0.59,0.5075,7,0,0,"neither",1,0,"african group",1,0,0,0,"member state"
"71","singapore",0.8125,0.333333333333333,0.505,0.8125,0.333333333333333,0.505,4,0,1,"sponsor",1,0,"asia pacific group",1,0,0,0,"member state"
"72","slovenia",0,0.4,0.95,0,0.4,0.95,1,1,0,"moratorium/pp",0,0,"eastern europe group",1,0,0,0,"member state"
"73","south africa",0.5275,0.315,0.72,0.57625,0.445,0.6225,4,0,0,"neither",1,0,"african group",1,0,0,0,"member state"
"74","spain",0.56875,0.278571428571429,0.625,0.56875,0.278571428571429,0.625,10,1,0,"moratorium/pp",0,0,"western europe and other states group",1,0,0,0,"member state"
"75","sri lanka",0.18,0.73,0.92,0.18,0.73,0.92,1,0,0,"neither",0,0,"asia pacific group",1,0,0,0,"member state"
"76","sustainable ocean alliance",0.02,0.45,0.95,0.02,0.45,0.95,1,0,0,"neither",0,0,"none",0,0,0,1,"observer ngo"
"77","switzerland",0.51,0.4,0.631428571428571,0.51,0.4,0.631428571428571,7,1,0,"moratorium/pp",0,0,"western europe and other states group",1,0,0,0,"member state"
"78","tanzania",0.91,0.4225,0.526666666666667,0.7675,0.49875,0.525833333333333,4,0,0,"neither",1,0,"african group",1,0,0,0,"member state"
"79","te ipukarea society",0,0.2,0.9,0,0.2,0.9,1,0,0,"neither",0,0,"none",0,0,0,1,"observer ngo"
"80","tetiaroa society",0,0.3,0.95,0,0.3,0.95,2,0,0,"neither",0,0,"none",0,0,0,1,"observer ngo"
"81","the ocean and us",0.05,0.45,0.98,0.05,0.45,0.98,1,0,0,"neither",0,0,"none",0,0,0,1,"observer ngo"
"82","tonga",0.77,0.428333333333333,0.58,0.77,0.428333333333333,0.58,6,0,1,"sponsor",1,0,"asia pacific group",1,0,0,0,"member state"
"83","trinidad and tobago",0.692,0.362,0.41,0.692,0.362,0.41,6,0,0,"neither",1,0,"latin american caribbean group",1,0,0,0,"member state"
"84","tuvalu",0.2,0.45,0.933333333333333,0.2,0.45,0.933333333333333,3,1,0,"moratorium/pp",0,0,"asia pacific group",1,0,0,0,"member state"
"85","uganda",0.3,0.35,0,0.4625,0.4625,0.2625,1,0,0,"neither",1,0,"african group",1,0,0,0,"member state"
"86","uk",0.815,0.328571428571429,0.505,0.815,0.328571428571429,0.505,7,1,1,"both",0,0,"western europe and other states group",1,0,0,0,"member state"
"87","usa",0.9,0.45,0.1,0.9,0.45,0.1,1,0,0,"neither",0,0,"none",0,1,0,0,"observer state"
"88","viet nam",0.815,0.485,0.65,0.815,0.485,0.65,2,0,0,"neither",0,0,"asia pacific group",1,0,0,0,"member state"
"89","wwf",0.05,0.5125,0.955,0.05,0.5125,0.955,4,0,0,"neither",0,0,"none",0,0,0,1,"observer ngo"
"90","zambia",0.05,0.45,0.92,0.3375,0.5125,0.7225,1,0,0,"neither",0,0,"african group",1,0,0,0,"member state"
"91","zimbabwe",0.635,0.645,0.573333333333333,0.63,0.61,0.549166666666667,6,0,0,"neither",0,0,"african group",1,0,0,0,"member state"
